Redirect from,Redirect to
/runderwear-power-running-bra/,/reviews/run/runderwear-power-running-bra/
/beeline-velo-2-review-for-cycling/,/reviews/cycle/beeline-velo-2-review-for-cycling/
/best-womens-cycling-jacket-luca-momentum-review/,/reviews/cycle/best-womens-cycling-jacket-luca-momentum-review/
/bib-shorts-for-women-luca-road-all-in-one/,/reviews/cycle/bib-shorts-for-women-luca-road-all-in-one/
/luca-momentum-womens-cycling-jacket-grey/,/reviews/cycle/luca-momentum-womens-cycling-jacket-grey/
/trail-and-bloom-best-womens-mtb-jersey/,/reviews/cycle/trail-and-bloom-best-womens-mtb-jersey/
/trail-bloom-the-best-womens-mtb-trousers/,/reviews/cycle/trail-bloom-the-best-womens-mtb-trousers/
/best-energy-bars-voom-pocket-rocket-review/,/reviews/nutrition/best-energy-bars-voom-pocket-rocket-review/
/best-overnight-oats-for-acitve-women-velofortes-overnight-oats-review/,/reviews/nutrition/best-overnight-oats-for-acitve-women-velofortes-overnight-oats-review/
/best-protein-powder-for-women-u-perform-active-whey-and-collagen/,/reviews/nutrition/best-protein-powder-for-women-u-perform-active-whey-and-collagen/
/natural-energy-gels-that-actually-taste-good/,/reviews/nutrition/natural-energy-gels-that-actually-taste-good/
/natural-organic-protein-panterre-op-16/,/reviews/nutrition/natural-organic-protein-panterre-op-16/
/one-good-thing-wrapper-free-energy-bars/,/reviews/nutrition/one-good-thing-wrapper-free-energy-bars/
/the-best-collagen-for-women-veloforte-proactive/,/reviews/nutrition/the-best-collagen-for-women-veloforte-proactive/
/veloforte-high-protein-crunch-bar-for-women/,/reviews/nutrition/veloforte-high-protein-crunch-bar-for-women/
/veloforte-nova-protein-recovery-shake-review/,/reviews/nutrition/veloforte-nova-protein-recovery-shake-review/
/veloforte-passo-hydration-electrolyte-powder-review/,/reviews/nutrition/veloforte-passo-hydration-electrolyte-powder-review/
/voom-best-low-sugar-protein-powder-for-women/,/reviews/nutrition/voom-best-low-sugar-protein-powder-for-women/
/best-lightweight-trail-running-poles-for-women/,/reviews/run/best-lightweight-trail-running-poles-for-women/
/discover-the-best-absolute360-workout-shorts-for-women/,/reviews/run/discover-the-best-absolute360-workout-shorts-for-women/
/period-underwear-you-can-lift-squat-run-in/,/reviews/run/period-underwear-you-can-lift-squat-run-in/
/running-underwear-runderwear-womens-briefs/,/reviews/run/running-underwear-runderwear-womens-briefs/
/runr-stuttgart-blackout-technical-running-cap/,/reviews/run/runr-stuttgart-blackout-technical-running-cap/
/the-best-running-leggings-for-women-2025-bimble-bolt/,/reviews/run/the-best-running-leggings-for-women-2025-bimble-bolt/
/ultimate-womens-running-shorts-soar-x-altra/,/reviews/run/ultimate-womens-running-shorts-soar-x-altra/
/best-all-weather-changing-robe-for-active-women/,/reviews/swim/best-all-weather-changing-robe-for-active-women/
/best-open-water-goggles-for-women-zone-3-venator-x-review/,/reviews/swim/best-open-water-goggles-for-women-zone-3-venator-x-review/
/best-swim-goggles-zoggs-predator-clear/,/reviews/swim/best-swim-goggles-zoggs-predator-clear/
/best-wetsuits-for-women-zone-3-vanquish/,/reviews/swim/best-wetsuits-for-women-zone-3-vanquish/
/tri-fit-rapid-x-goggles-best-swimming-goggles/,/reviews/swim/tri-fit-rapid-x-goggles-best-swimming-goggles/
/zoggs-boronia-high-front-swimsuit-review/,/reviews/swim/zoggs-boronia-high-front-swimsuit-review/
/zoggs-fusion-air-best-swimming-goggles-for-women/,/reviews/swim/zoggs-fusion-air-best-swimming-goggles-for-women/
/zoggs-fusion-air-review-excellent-vision-questionable-stability/,/reviews/swim/zoggs-fusion-air-review-excellent-vision-questionable-stability/
/zoggs-predator-flex-review-polarised-but-problematic/,/reviews/swim/zoggs-predator-flex-review-polarised-but-problematic/
/zoggs-silver-lined-sea-tribe-open-water-swimsuit/,/reviews/swim/zoggs-silver-lined-sea-tribe-open-water-swimsuit/
/best-anti-chafe-balm-body-glide-for-her/,/reviews/accessories/best-anti-chafe-balm-body-glide-for-her/
/freyja-fit-stylish-womens-fitness-pink-dumbbells/,/reviews/accessories/freyja-fit-stylish-womens-fitness-pink-dumbbells/
/scentered-aromatherapy-balm-discovery-set/,/reviews/accessories/scentered-aromatherapy-balm-discovery-set/
/scentered-candles-a-natural-path-to-wellbeing/,/reviews/accessories/scentered-candles-a-natural-path-to-wellbeing/
/kitbrix-totebrix-ultimate-tote-bag-for-women/,/reviews/accessories/kitbrix-totebrix-ultimate-tote-bag-for-women/
/sea-and-flo-menstrual-cup/,/reviews/accessories/sea-and-flo-menstrual-cup/
/tri-fit-womens-hyrox-shorts-and-bra-review/,/reviews/hyrox/tri-fit-womens-hyrox-shorts-and-bra-review/
